target,is_binary,n_features,features,holdout_score,n_train,n_test,metric,split
tgt_adverse_selection_1,True,20,"is_swing_low, fib_vol_ratio, taylor_price_a4_z, size_escalation, vwap_gravity, is_swing_high, response_asymmetry, lz_complexity_norm, total_energy, hilbert_mean_freq, taylor_complexity_z, trade_rate_decay_z, ll_streak_z, permutation_entropy, dist_to_equal_high_bps_z, breakout_up_bps_5_z, choch_net_z, hilbert_mean_amplitude_z, ob_net_10_z, taylor_complexity",0.07658028811161921,2592,540,AUC_dev,1
tgt_adverse_selection_3,True,20,"support_touches_20_z, trade_pct_q2, dist_to_resistance_10_bps_z, range_compression_5, taylor_price_a4_z, taylor_price_ofi_alignment, liq_pool_below_20_z, donchian_width_change_20, donchian_width_bps_20_z, hilbert_mean_freq, liq_void_count_10_z, donchian_width_bps_20, convex_hull_area, choch_net_z, permutation_entropy_z, bos_bearish_count_5, avg_surprise_z, fvg_bullish_size_bps_z, equal_lows_20, vwap_gravity",-0.012994505494505482,2592,540,AUC_dev,1
tgt_adverse_selection_5,True,20,"temperature_change_z, hilbert_mean_freq, te_price_to_volume_z, side_sequence_entropy_z, intracandle_reversal, ew_vol_exhaustion_z, burstiness, te_price_to_volume, dist_to_support_5_bps, vol_price_feedback_z, dow_sin, kyle_lambda_z, taylor_price_rate_divergence_z, shannon_size_diversity, flash_event_count, price_curvature_z, inter_trade_std_z, vwap_gravity_z, dist_to_resistance_10_bps_z, side_switch_rate",0.007202041264266934,2592,540,AUC_dev,1
tgt_alpha_1,False,6,"is_swing_high, is_swing_low, resistance_touches_20, support_touches_20, breakout_net_10, dist_to_resistance_20_bps",0.14931111479668147,2592,540,R2,1
tgt_alpha_3,False,3,"support_touches_20, resistance_touches_20, dist_to_resistance_20_bps",0.06292503103961333,2592,540,R2,1
tgt_alpha_5,False,3,"support_touches_20, resistance_touches_20, dist_to_resistance_20_bps",0.06109002581796885,2592,540,R2,1
tgt_autocorr_break_5,True,20,"avg_body_ratio_5, atr_5_z, graph_edge_density_z, atr_5, fib_wave_avg_dist, atr_10_z, range_compression_5, atr_percentile_10_z, avg_notional_per_trade, avg_upper_wick_5, lower_wick_ratio, avg_lower_wick_5_z, ob_net_10, ew_swing_count, standing_wave_ratio_z, range_compression_10, liq_void_up_bps_z, three_soldiers, size_imbalance, wavelet_energy_s2_z",0.035678715800574134,2592,540,AUC_dev,1
tgt_best_side_1,True,20,"is_swing_low, is_swing_high, low, volume_pct_q3_z, dist_to_support_5_bps, size_imbalance, ms_bearish_5, standing_wave_ratio_z, time_to_high_pct, trade_size_iqr, response_asymmetry, wavelet_energy_s2_z, dist_to_support_20_bps, gap_fill_rate_10_z, hilbert_mean_freq, eigen_ratio_z, ew_wave_symmetry_z, market_force_z, te_price_to_volume, volume_q1_pct",,2592,540,AUC_dev,1
tgt_best_side_3,True,20,"hilbert_std_amplitude, trade_size_iqr, ew_last_wave_pct, vpin, is_swing_low, fib_vol_ratio, market_force_z, avg_buy_size_z, atr_10_z, kinetic_energy, dist_to_resistance_20_bps, rqa_recurrence_rate, nash_balance, hilbert_mean_freq, ofi_shift_z, burstiness, max_drawdown, flash_event_count, std_trade_size_z, median_trade_size_z",0.05392136667627956,2592,540,AUC_dev,1
tgt_best_side_5,True,20,"low, hilbert_std_amplitude, trade_size_iqr, is_swing_high, is_swing_low, gap_fill_rate_10, max_drawdown, hurst_exponent, total_energy, hilbert_amp_freq_corr_z, predator_follows_prey_z, max_drawup, hilbert_amp_freq_corr, sub_regime_transitions, avg_surprise, rqa_recurrence_rate, hilbert_std_amplitude_z, bernoulli, stop_hunt_up_score_z, market_temperature",,2592,540,AUC_dev,1
tgt_breakout_any_10,True,20,"inter_trade_std_z, max_drawup, atr_change_pct_14, volume_per_second_std, price_path_length, trade_rate_std, market_temperature, burstiness, monotonicity_score, flash_event_count, trade_time_entropy, max_drawdown, sweep_count_z, sweep_count, ew_swing_count, total_energy, max_up_sweep_z, max_buy_run, te_price_to_volume, eigen_ratio_z",0.4596523898199877,2592,540,AUC_dev,1
tgt_breakout_any_3,True,20,"burstiness, trade_rate_std, volume_per_second_std, inter_trade_std_z, atr_change_pct_14, trade_time_entropy, max_drawdown, taylor_rate_r2, market_temperature, price_path_length, monotonicity_score, kinetic_energy, max_drawup, te_price_to_volume_z, quartile_vol_ratio_z, total_energy, te_price_to_volume, vol_price_feedback_z, max_trades_per_second_z, max_buy_run",0.33255344527020825,2592,540,AUC_dev,1
tgt_breakout_any_5,True,20,"atr_change_pct_14, inter_trade_std_z, volume_per_second_std, trade_rate_std, burstiness, trade_time_entropy, max_drawup, taylor_rate_r2, max_drawdown, market_temperature, flash_event_count_z, quartile_vol_ratio_z, max_up_sweep_z, arrival_time_kurtosis, price_path_length, sweep_count_z, fib_intertime_ratio_pct, eigen_ratio_z, kinetic_energy, te_net_direction_z",0.40771610242309686,2592,540,AUC_dev,1
tgt_breakout_down_10,True,20,"close_to_fair_price, max_drawup, dist_to_support_5_bps, dist_to_r1_bps, time_to_high_pct, is_swing_low, low, cvd_close_vs_range, breakout_up_bps_5_z, dist_to_resistance_10_bps_z, first_half_return, atr_change_pct_14, loss_aversion_ratio_z, inter_trade_std_z, total_energy, vol_asymmetry, dist_to_resistance_5_bps, aggression_imbalance_z, poc_migration_bps_z, max_up_sweep_z",0.31793123458581163,2592,540,AUC_dev,1
tgt_breakout_down_3,True,20,"close_to_fair_price, max_drawup, dist_to_r1_bps, time_to_high_pct, dist_to_support_5_bps, is_swing_low, cvd_close_vs_range, loss_aversion_ratio_z, dist_to_resistance_5_bps, poc_migration_bps_z, first_half_return, aggression_imbalance_z, vol_asymmetry, cvd_max, golden_ratio_composite, atr_change_pct_14, volume_profile_skew_z, ofi_persistence, burstiness, uptick_pct",0.3130821957935439,2592,540,AUC_dev,1
tgt_breakout_down_5,True,20,"close_to_fair_price, max_drawup, dist_to_r1_bps, dist_to_support_5_bps, time_to_high_pct, is_swing_low, cvd_close_vs_range, dist_to_resistance_5_bps, loss_aversion_ratio_z, poc_migration_bps_z, aggression_imbalance_z, dist_to_resistance_10_bps_z, breakout_up_bps_5_z, first_half_return, vol_asymmetry, golden_ratio_composite, atr_change_pct_14, total_energy, cvd_max, max_up_sweep_z",0.3042382309992351,2592,540,AUC_dev,1
tgt_breakout_up_10,True,20,"close_to_fair_price, dist_to_r1_bps, is_swing_high, max_drawdown, time_to_high_pct, dist_to_resistance_10_bps_z, cvd_close_vs_range, dist_to_resistance_5_bps, cvd_min, inter_trade_std_z, atr_change_pct_14, trade_rate_std, dist_to_support_5_bps, poc_migration_bps_z, wavelet_energy_s5, ofi_persistence, golden_ratio_composite, volume_per_second_std, convex_hull_area, te_price_to_volume_z",0.25697563473039964,2592,540,AUC_dev,1
tgt_breakout_up_3,True,20,"close_to_fair_price, dist_to_r1_bps, time_to_high_pct, max_drawdown, is_swing_high, dist_to_resistance_5_bps, cvd_close_vs_range, dist_to_support_5_bps, cvd_min, dist_to_resistance_10_bps_z, ofi_persistence, poc_migration_bps_z, golden_ratio_composite, aggression_imbalance_z, loss_aversion_ratio_z, first_half_return, vol_asymmetry, volume_profile_skew_z, dist_to_resistance_20_bps, dist_to_support_20_bps",0.3119046165119689,2592,540,AUC_dev,1
tgt_breakout_up_5,True,20,"close_to_fair_price, dist_to_r1_bps, max_drawdown, time_to_high_pct, dist_to_resistance_5_bps, cvd_close_vs_range, is_swing_high, cvd_min, dist_to_resistance_10_bps_z, dist_to_support_5_bps, poc_migration_bps_z, golden_ratio_composite, ofi_persistence, first_half_return, dist_to_support_20_bps, aggression_imbalance_z, vol_asymmetry, loss_aversion_ratio_z, trade_rate_std, uptick_pct",0.29962205689575927,2592,540,AUC_dev,1
tgt_consolidation_3,True,20,"kinetic_energy, trade_rate_std, volume_per_second_std, atr_change_pct_14, price_path_length, market_temperature, inter_trade_std_z, max_drawup, burstiness, total_energy, monotonicity_score, trade_time_entropy, convex_hull_area, sweep_count, sweep_count_z, max_up_sweep_z, eigen_ratio_z, max_trades_per_second_z, taylor_rate_r2, te_price_to_volume",0.3664529914529915,2592,540,AUC_dev,1
tgt_consolidation_5,True,20,"kinetic_energy, atr_change_pct_14, volume_per_second_std, trade_rate_std, price_path_length, market_temperature, inter_trade_std_z, burstiness, max_drawup, total_energy, monotonicity_score, te_price_to_volume, trade_time_entropy, max_trades_per_second_z, te_price_to_volume_z, sweep_count, vol_price_feedback_z, golden_angle_deviation, breakout_vol_confirm_5, sweep_count_z",0.4050641741071429,2592,540,AUC_dev,1
tgt_crash_10,True,20,"market_temperature, volume_per_second_std, trade_rate_std, price_path_length, sweep_count, eigen_ratio_z, sweep_count_z, max_trades_per_second_z, vol_price_feedback_z, path_length_over_range, max_sell_run, inter_trade_std_z, max_up_sweep_z, wavelet_energy_s5, max_drawdown, kinetic_energy, total_energy, max_drawup, trade_time_entropy, burstiness",0.23003811754154302,2592,540,AUC_dev,1
tgt_crash_3,True,20,"trade_rate_std, volume_per_second_std, market_temperature, vol_price_feedback_z, max_trades_per_second_z, sweep_count, price_path_length, burstiness, wavelet_energy_s5, max_drawdown, trade_time_entropy, turbulence, sweep_count_z, eigen_ratio_z, breakout_net_10, total_energy, ll_streak_z, kinetic_energy, hour_sin, dist_to_support_20_bps",0.1690491661251895,2592,540,AUC_dev,1
tgt_crash_5,True,20,"market_temperature, volume_per_second_std, trade_rate_std, price_path_length, vol_price_feedback_z, wavelet_energy_s5, sweep_count, max_trades_per_second_z, max_drawdown, total_energy, eigen_ratio_z, inter_trade_std_z, kinetic_energy, sweep_count_z, max_sell_run, burstiness, path_length_over_range, monotonicity_score, trade_time_entropy, max_up_sweep_z",0.14994618876046983,2592,540,AUC_dev,1
tgt_fill_prob_long_1,True,20,"side_sequence_entropy_z, response_asymmetry, micro_fear_greed_z, wavelet_energy_s2_z, value_area_overlap_pct, return_reversal_z, liq_pool_above_20_z, taylor_complexity_z, breakout_vol_confirm_5_z, side_switch_rate, range_compression_5, temperature_change_z, taylor_vol_accel_ratio, hh_streak, donchian_width_change_10_z, vpin, lh_count_10, sweep_count, first_half_return, avg_surprise_z",0.20315398886827463,2592,540,AUC_dev,1
tgt_fill_prob_long_3,True,20,"size_imbalance, breakout_up_bps_5_z, side_sequence_entropy_z, response_asymmetry, poc_migration_bps_z, micro_fear_greed_z, wavelet_energy_s2_z, ll_streak_z, value_area_overlap_pct, return_reversal_z, liq_pool_above_20_z, taylor_complexity_z, max_trades_per_second_z, breakout_vol_confirm_5_z, side_switch_rate, range_compression_5, loss_aversion_ratio_z, temperature_change_z, taylor_vol_accel_ratio, hh_streak",0.173469387755102,2592,540,AUC_dev,1
tgt_fill_prob_short_1,True,20,"taylor_dominant_order, kyle_lambda_z, lyapunov_exponent, atr_change_pct_14, hilbert_std_amplitude, ew_first_wave_pct_z, fractal_dimension, choch_count_5_z, taylor_asymmetry_curvature_ratio_z, te_net_direction_z, dist_to_support_5_bps, liq_void_count_10_z, dominant_freq_z, avg_surprise_z, ew_wave_symmetry_z, high_volume_node_pct_z, price_curvature_z, trade_rate_decay_z, mi_side_return_z, herding_ratio",-0.0697026022304833,2592,540,AUC_dev,1
tgt_fill_prob_short_3,True,20,"taylor_ofi_a2, atr_change_pct_14, pv_principal_angle, time_to_high_pct, choch_count_5_z, kyle_lambda_z, fractal_dimension, ew_wave_symmetry_z, price_dipole_z, taylor_dominant_order, high_volume_node_pct_z, liq_void_count_10_z, fvg_bullish_size_bps_z, atr_5_z, low, trade_rate_decay_z, gap_bps_z, lyapunov_exponent, bos_bullish_count_5, vwap_spread_bps",0.09479553903345728,2592,540,AUC_dev,1
tgt_fill_prob_short_5,True,20,"taylor_ofi_a2, atr_change_pct_14, pv_principal_angle, time_to_high_pct, choch_count_5_z, kyle_lambda_z, fractal_dimension, ew_wave_symmetry_z, price_dipole_z, taylor_dominant_order, high_volume_node_pct_z, liq_void_count_10_z, fvg_bullish_size_bps_z, atr_5_z, low, trade_rate_decay_z, gap_bps_z, lyapunov_exponent, bos_bullish_count_5, vwap_spread_bps",0.09479553903345728,2592,540,AUC_dev,1
tgt_liquidation_cascade_3,True,20,"trade_rate_std, volume_per_second_std, market_temperature, max_trades_per_second_z, vol_price_feedback_z, sweep_count, wavelet_energy_s5, price_path_length, turbulence, hurst_exponent, breakout_down_bps_20_z, eigen_ratio_z, trade_time_entropy, hour_sin, burstiness, taylor_rate_r2, session_asia, max_buy_run, breakout_vol_confirm_5_z, max_drawdown",0.16682166937921417,2592,540,AUC_dev,1
tgt_liquidation_cascade_5,True,20,"market_temperature, trade_rate_std, volume_per_second_std, price_path_length, sweep_count, vol_price_feedback_z, max_sell_run, wavelet_energy_s5, burstiness, path_length_over_range, max_drawdown, eigen_ratio_z, max_trades_per_second_z, hurst_exponent, donchian_width_bps_20, trade_time_entropy, kinetic_energy, monotonicity_score, atr_change_pct_14, total_energy",0.1611819403581417,2592,540,AUC_dev,1
tgt_mean_reversion_5,True,20,"taylor_ofi_a2, kyle_lambda_z, high_volume_node_pct_z, herding_ratio_z, atr_change_pct_14, mi_side_return, taylor_asymmetry_curvature_ratio_z, avg_buy_size_z, mi_side_return_z, avg_surprise_z, lyapunov_exponent, time_to_high_pct, vwap_spread_bps, sub_regime_transitions, fractal_dimension, liq_sweep_count_10, fvg_bullish_size_bps_z, bos_bullish_count_5, te_net_direction_z, kyle_lambda",0.14033457249070636,2592,540,AUC_dev,1
tgt_mid_reversion_1,True,20,"lyapunov_exponent, avg_surprise_z, herding_ratio_z, side_switch_rate, taylor_asymmetry_curvature_ratio_z, return_reversal_z, response_asymmetry, herding_ratio, kyle_lambda_z, side_sequence_entropy_z, hilbert_std_freq, uptick_pct, taylor_dominant_order, liq_void_count_10_z, wavelet_energy_s2_z, donchian_width_bps_20, fractal_dimension, dow_sin, liq_pool_above_20_z, liq_pool_above_10_z",-0.16914959652389816,2592,540,AUC_dev,1
tgt_mid_reversion_3,True,20,"avg_surprise_z, taylor_ofi_a2, herding_ratio_z, side_switch_rate, return_reversal_z, mi_side_return_z, response_asymmetry, size_imbalance, herding_ratio, kyle_lambda_z, side_sequence_entropy_z, liq_void_count_10_z, wavelet_energy_s2_z, donchian_width_bps_20, fractal_dimension, liq_pool_above_20_z, liq_pool_above_10_z, hilbert_std_freq_z, vwap_spread_bps, ew_correction_quality_z",0.03196772191185604,2592,540,AUC_dev,1
tgt_optimal_action_5,True,20,"atr_percentile_20, dow_sin, avg_notional_per_trade, flash_event_pct, predator_follows_prey_z, avg_body_ratio_5, hilbert_amp_freq_corr_z, liq_void_up_bps_z, stackelberg_buy_leader, taylor_price_r2, ew_last_wave_pct, choch_count_5_z, atr_10_z, taylor_ofi_r2, lyapunov_exponent, bearish_patterns_5, response_asymmetry, donchian_width_bps_20, burstiness, fib_size_ratio_pct",,2592,540,AUC_dev,1
tgt_profitable_long_1,True,20,"is_swing_low, is_swing_high, low, close_to_fair_price, dist_to_r1_bps, dist_to_resistance_5_bps, dist_to_resistance_20_bps, predator_follows_prey_z, volume_pct_q3_z, dist_to_support_5_bps, ew_swing_count, market_force_z, cvd_close_vs_range, twap_vwap_spread_bps, taylor_ofi_a2, dist_to_support_20_bps, pattern_bias_5, hilbert_amp_freq_corr_z, ohlc_triangle_area_z, donchian_width_bps_20_z",0.1928638059701493,2592,540,AUC_dev,1
tgt_profitable_long_10,True,20,"low, trade_size_iqr, hilbert_std_amplitude, predator_prey_ratio, gap_fill_rate_10, avg_surprise, graph_edge_density_z, bernoulli, liq_void_down_bps_z, avg_lower_wick_5_z, resistance_touches_20, fib_wave_avg_dist_z, ob_net_10_z, max_drawdown, side_switch_rate, atr_percentile_10_z, median_trade_size_z, stackelberg_buy_leader_z, path_length_over_range, market_temperature",0.12215342277261787,2592,540,AUC_dev,1
tgt_profitable_long_3,True,20,"low, hilbert_std_amplitude, is_swing_low, max_drawdown, support_touches_20, predator_prey_ratio, is_swing_high, dist_to_resistance_5_bps, predator_follows_prey_z, ms_bearish_5, herding_ratio, quartile_vol_ratio_z, hilbert_mean_amplitude_z, ofi_shift_z, fvg_bearish_count_10, dist_to_r1_bps, taylor_price_a4_z, donchian_width_change_20, hour_sin, vpin",0.11546488000439337,2592,540,AUC_dev,1
tgt_profitable_long_5,True,20,"low, hilbert_std_amplitude, trade_size_iqr, is_swing_high, is_swing_low, gap_fill_rate_10, rqa_recurrence_rate, max_drawdown, heat_capacity, total_energy, hurst_exponent, max_drawup, hilbert_amp_freq_corr_z, sub_regime_transitions, hilbert_amp_freq_corr, predator_follows_prey_z, avg_surprise, hilbert_std_amplitude_z, market_temperature, fib_wave_avg_dist_z",0.12061207972674515,2592,540,AUC_dev,1
tgt_profitable_short_1,True,20,"is_swing_low, is_swing_high, close_to_fair_price, low, dist_to_r1_bps, dist_to_resistance_5_bps, dist_to_resistance_20_bps, dist_to_support_5_bps, dist_to_support_20_bps, twap_vwap_spread_bps, ew_swing_count, cvd_close_vs_range, hilbert_amp_freq_corr_z, taylor_ofi_a2, pattern_bias_5, market_force_z, lz_complexity_norm, hour_sin, price_jerk_z, fib_intertime_ratio_pct",0.18816598149344843,2592,540,AUC_dev,1
tgt_profitable_short_10,True,20,"low, trade_size_iqr, hilbert_std_amplitude, predator_prey_ratio, gap_fill_rate_10, graph_edge_density_z, avg_surprise, liq_void_down_bps_z, bernoulli, avg_lower_wick_5_z, resistance_touches_20, ob_net_10_z, side_switch_rate, atr_percentile_10_z, median_trade_size_z, max_drawdown, breakout_up_bps_5_z, side_sequence_entropy_z, lh_count_10, path_length_over_range",0.11840000000000006,2592,540,AUC_dev,1
tgt_profitable_short_3,True,20,"low, hilbert_std_amplitude, trade_size_iqr, is_swing_low, max_drawdown, is_swing_high, support_touches_20, ms_bearish_5, dist_to_resistance_5_bps, burstiness, hilbert_mean_amplitude_z, predator_follows_prey_z, hour_sin, fvg_bearish_count_10, donchian_width_change_20, ofi_shift_z, heat_capacity, dist_to_r1_bps, herding_ratio, fib_wave_avg_dist_z",0.13321837343189658,2592,540,AUC_dev,1
tgt_profitable_short_5,True,20,"low, hilbert_std_amplitude, trade_size_iqr, is_swing_high, is_swing_low, max_drawdown, hurst_exponent, gap_fill_rate_10, hilbert_amp_freq_corr_z, total_energy, avg_surprise, sub_regime_transitions, predator_follows_prey_z, hilbert_amp_freq_corr, rqa_recurrence_rate, max_drawup, avg_lower_wick_5_z, hilbert_std_amplitude_z, liq_void_up_bps_z, stop_hunt_up_score_z",0.11780851998243291,2592,540,AUC_dev,1
tgt_regime_change_10,True,20,"flash_event_pct, fractal_dimension, spectral_flatness_z, permutation_entropy, heat_capacity, post_shock_pause_ratio, dominant_freq_z, fib_intertime_ratio_pct, dist_to_resistance_20_bps, mi_side_return, fvg_net, wavelet_energy_s5, permutation_entropy_z, fvg_bearish_count_10, hilbert_std_amplitude, atr_percentile_20, hilbert_mean_amplitude_z, price_jerk_z, ew_correction_quality_z, fib_size_ratio_pct",-0.009649393152232899,2592,540,AUC_dev,1
tgt_regime_change_5,True,20,"eigen_ratio_z, max_trades_per_second_z, inter_trade_std_z, trade_rate_std, market_temperature, volume_per_second_std, vol_price_feedback_z, max_up_sweep_z, price_path_length, sweep_count_z, monotonicity_score, max_drawup, kinetic_energy, post_shock_pause_ratio, wavelet_energy_s5, dow_sin, max_sell_run, taylor_rate_r2, post_shock_size_ratio, atr_change_pct_14",0.10489396892905656,2592,540,AUC_dev,1
tgt_relative_ret_1,False,6,"is_swing_high, is_swing_low, resistance_touches_20, support_touches_20, breakout_net_10, dist_to_resistance_20_bps",0.14931111479668147,2592,540,R2,1
tgt_relative_ret_3,False,3,"support_touches_20, resistance_touches_20, dist_to_resistance_20_bps",0.06292503103961333,2592,540,R2,1
tgt_relative_ret_5,False,3,"support_touches_20, resistance_touches_20, dist_to_resistance_20_bps",0.06109002581796885,2592,540,R2,1
tgt_ret_sign_1,True,20,"is_swing_low, is_swing_high, low, volume_pct_q3_z, dist_to_support_5_bps, size_imbalance, ms_bearish_5, standing_wave_ratio_z, time_to_high_pct, trade_size_iqr, response_asymmetry, wavelet_energy_s2_z, dist_to_support_20_bps, gap_fill_rate_10_z, hilbert_mean_freq, eigen_ratio_z, ew_wave_symmetry_z, market_force_z, te_price_to_volume, volume_q1_pct",,2592,540,AUC_dev,1
tgt_ret_sign_10,True,20,"carrying_capacity_ratio_z, taylor_ofi_a2, dist_to_equal_high_bps_z, vwap_gravity, quartile_vol_ratio_z, lz_complexity_norm, dist_to_equal_high_bps, auction_clearing_speed, vpin, max_sell_run, taylor_curvature_trend_ratio_z, taylor_complexity_z, dist_to_resistance_5_bps, median_trade_size_z, ofi_shift_z, avg_buy_size_z, contrarian_ratio, liq_pool_above_20_z, vwap_spread_bps, avg_notional_per_trade",,2592,540,AUC_dev,1
tgt_ret_sign_3,True,20,"low, taylor_dominant_order, mi_side_return, taylor_price_a4_z, vwap_gravity, ew_correction_quality_z, hilbert_std_amplitude_z, atr_percentile_20, max_up_sweep_z, lyapunov_exponent, price_clustering, value_area_overlap_pct, price_volume_angle_cos_z, fib_time_trade_pct, volume_q1_pct, heat_capacity, equal_lows_20, liq_void_up_bps_z, taylor_asymmetry_curvature_ratio_z, fib_updown_wave_ratio",,2592,540,AUC_dev,1
tgt_ret_sign_5,True,20,"low, sub_regime_transitions, golden_angle_deviation, avg_surprise, ew_correction_quality_z, approx_entropy, price_tick_entropy_z, fib_wave_avg_dist, taylor_complexity_z, atr_5, median_trade_size_z, price_volume_angle_cos_z, gap_down, max_drawdown, permutation_entropy, breakout_up_bps_5_z, side_sequence_entropy_z, first_half_return, taylor_curvature_trend_ratio_z, support_touches_20",,2592,540,AUC_dev,1
tgt_tail_event_1,True,20,"trade_rate_std, market_temperature, volume_per_second_std, sweep_count, price_path_length, eigen_ratio_z, vol_price_feedback_z, burstiness, max_trades_per_second_z, trade_time_entropy, sweep_count_z, max_sell_run, total_energy, max_buy_run, max_up_sweep_z, te_price_to_volume, wavelet_energy_s5, max_drawdown, turbulence, kinetic_energy",0.1348117664990094,2592,540,AUC_dev,1
tgt_tail_event_3,True,20,"market_temperature, trade_rate_std, volume_per_second_std, sweep_count, price_path_length, eigen_ratio_z, sweep_count_z, max_trades_per_second_z, vol_price_feedback_z, max_sell_run, wavelet_energy_s5, path_length_over_range, max_up_sweep_z, inter_trade_std_z, trade_time_entropy, turbulence, burstiness, kinetic_energy, max_drawdown, total_energy",0.171337181002712,2592,540,AUC_dev,1
tgt_tail_event_5,True,20,"market_temperature, volume_per_second_std, trade_rate_std, price_path_length, sweep_count, eigen_ratio_z, max_trades_per_second_z, vol_price_feedback_z, inter_trade_std_z, path_length_over_range, max_sell_run, sweep_count_z, wavelet_energy_s5, kinetic_energy, monotonicity_score, max_up_sweep_z, total_energy, max_drawdown, trade_time_entropy, max_buy_run",0.2119601660698236,2592,540,AUC_dev,1
tgt_vol_expansion_10,True,20,"market_temperature, volume_per_second_std, trade_rate_std, price_path_length, eigen_ratio_z, sweep_count, max_trades_per_second_z, sweep_count_z, inter_trade_std_z, vol_price_feedback_z, max_up_sweep_z, wavelet_energy_s5, total_energy, kinetic_energy, burstiness, max_drawdown, path_length_over_range, monotonicity_score, trade_time_entropy, max_sell_run",0.33197076079638355,2592,540,AUC_dev,1
tgt_vol_expansion_5,True,20,"market_temperature, volume_per_second_std, trade_rate_std, price_path_length, eigen_ratio_z, sweep_count, max_trades_per_second_z, vol_price_feedback_z, inter_trade_std_z, wavelet_energy_s5, kinetic_energy, total_energy, sweep_count_z, path_length_over_range, monotonicity_score, max_sell_run, burstiness, max_up_sweep_z, max_drawdown, trade_time_entropy",0.24094664395997234,2592,540,AUC_dev,1
tgt_adverse_selection_1,True,13,"is_swing_low, fib_vol_concentration, vwap_gravity, is_swing_high, taylor_price_a1_z, breakout_vol_confirm_5_z, taylor_complexity_z, hilbert_mean_amplitude_z, potential_energy, fib_intertime_ratio_pct, atr_5, response_asymmetry, fib_proximity",0.11113329936235561,3132,540,AUC_dev,2
tgt_adverse_selection_3,True,5,"liq_void_count_10_z, avg_surprise_z, lh_count_5, hilbert_mean_freq, support_touches_20_z",0.03399656946826757,3132,540,AUC_dev,2
tgt_adverse_selection_5,True,10,"temperature_change_z, burstiness, te_price_to_volume_z, hilbert_mean_freq, side_sequence_entropy_z, vol_price_feedback_z, te_price_to_volume, side_switch_rate, price_curvature_z, gap_fill_rate_10",0.05562456009605432,3132,540,AUC_dev,2
tgt_alpha_1,False,6,"is_swing_low, is_swing_high, dist_to_resistance_20_bps, resistance_touches_20, support_touches_20, breakout_net_10",0.1266033410848182,3132,540,R2,2
tgt_alpha_3,False,3,"dist_to_resistance_20_bps, support_touches_20, resistance_touches_20",0.025466893814634406,3132,540,R2,2
tgt_alpha_5,False,3,"support_touches_20, dist_to_resistance_20_bps, resistance_touches_20",0.027232772796683347,3132,540,R2,2
tgt_autocorr_break_5,True,20,"avg_body_ratio_5, atr_5_z, consecutive_direction_z, fvg_bearish_count_10, range_compression_5, atr_5, standing_wave_ratio_z, graph_edge_count_z, liq_void_count_10_z, avg_lower_wick_5_z, lower_wick_ratio, atr_percentile_10_z, fib_wave_avg_dist, convex_hull_area, mi_side_return_z, trade_time_entropy, avg_upper_wick_5, ob_net_10, ll_streak_z, wavelet_energy_s5",0.09464003164556967,3132,540,AUC_dev,2
tgt_best_side_1,True,20,"is_swing_low, is_swing_high, standing_wave_ratio_z, dist_to_support_5_bps, trade_pct_q1, gap_fill_rate_10_z, fib_time_trade_pct_z, avg_buy_size_z, taylor_rate_a2, hilbert_mean_freq, trade_size_p75, size_imbalance, time_to_high_pct, wavelet_energy_s2_z, eigen_ratio_z, ew_impulse_detected, auction_clearing_speed_z, ofi_shift, fib_wave_ratio_count_z, trade_rate_decay_z",,3132,540,AUC_dev,2
tgt_best_side_3,True,20,"is_swing_low, hilbert_std_amplitude, dist_to_resistance_20_bps, vpin, potential_energy, kinetic_energy, monotonicity_score, session_asia, dist_to_resistance_5_bps, market_temperature, max_drawdown, trade_size_p75, volume_per_second_std, flash_event_count, heat_capacity, max_drawup, ew_last_wave_pct, lh_count_5, chebyshev_distance, fvg_bearish_count_10",,3132,540,AUC_dev,2
tgt_best_side_5,True,20,"low, hilbert_std_amplitude, trade_size_p75, max_drawdown, is_swing_low, potential_energy, is_swing_high, max_drawup, market_temperature, market_pressure, dist_to_resistance_5_bps, heat_capacity, zero_crossing_rate, hurst_regime, stop_hunt_up_score_z, flash_event_count, vpin, sub_regime_transitions, spectral_flatness_z, fvg_bearish_count_10",-0.020855362012354606,3132,540,AUC_dev,2
tgt_breakout_any_10,True,20,"atr_change_pct_14, inter_trade_std_z, wave_energy, burstiness, trade_rate_std, monotonicity_score, trade_time_entropy, market_temperature, volume_per_second_std, max_drawup, flash_event_count, max_drawdown, quartile_vol_ratio_z, max_down_sweep_z, te_volume_to_price_z, eigen_ratio_z, chebyshev_distance, arrival_time_kurtosis, max_buy_run, carrying_capacity_ratio_z",,3132,540,AUC_dev,2
tgt_breakout_any_3,True,20,"burstiness, wave_energy, trade_rate_std, volume_per_second_std, max_drawdown, trade_time_entropy, inter_trade_std_z, monotonicity_score, market_temperature, atr_change_pct_14, max_drawup, kinetic_energy, taylor_rate_r2, quartile_vol_ratio_z, carrying_capacity_ratio_z, potential_energy, graph_asymmetry, chebyshev_distance, max_up_sweep_z, arrival_time_kurtosis",0.3549701249321021,3132,540,AUC_dev,2
tgt_breakout_any_5,True,20,"atr_change_pct_14, inter_trade_std_z, burstiness, trade_rate_std, volume_per_second_std, wave_energy, trade_time_entropy, taylor_rate_r2, market_temperature, max_drawup, max_drawdown, flash_event_count_z, quartile_vol_ratio_z, monotonicity_score, max_up_sweep_z, arrival_time_kurtosis, max_down_sweep_z, kinetic_energy, carrying_capacity_ratio_z, taylor_rate_a2",0.3586753731343283,3132,540,AUC_dev,2
tgt_breakout_down_10,True,20,"close_to_vwap, max_drawup, dist_to_pivot_bps_z, dist_to_support_5_bps, time_to_high_pct, is_swing_low, time_to_low_pct, donchian_mid_dist_bps_10_z, breakout_up_bps_5_z, low, ofi_second_half, panic_sell_ratio, wave_energy, potential_energy, burstiness, golden_ratio_composite, monotonicity_score, atr_change_pct_14, inter_trade_std_z, aggression_imbalance",0.2656445273586785,3132,540,AUC_dev,2
tgt_breakout_down_3,True,20,"close_to_vwap, max_drawup, dist_to_pivot_bps_z, time_to_low_pct, dist_to_support_5_bps, time_to_high_pct, is_swing_low, ofi_second_half, panic_sell_ratio, donchian_mid_dist_bps_10_z, fair_value_change_bps, uptick_pct, dist_to_resistance_5_bps, aggression_imbalance, ofi_persistence_z, first_half_return_z, golden_ratio_composite, vol_asymmetry, cvd_max, breakout_up_bps_5_z",0.31713068181818194,3132,540,AUC_dev,2
tgt_breakout_down_5,True,20,"close_to_vwap, max_drawup, dist_to_pivot_bps_z, dist_to_support_5_bps, time_to_high_pct, is_swing_low, time_to_low_pct, ofi_second_half, donchian_mid_dist_bps_10_z, panic_sell_ratio, breakout_up_bps_5_z, wave_energy, aggression_imbalance, dist_to_resistance_5_bps, fair_value_change_bps, potential_energy, vol_asymmetry, golden_ratio_composite, burstiness, cvd_max",0.31412456332045746,3132,540,AUC_dev,2
tgt_breakout_up_10,True,20,"close_to_vwap, dist_to_pivot_bps_z, is_swing_high, max_drawdown, time_to_high_pct, ofi_second_half, time_to_low_pct, donchian_mid_dist_bps_10_z, dist_to_resistance_5_bps, cvd_min, dist_to_support_5_bps, golden_ratio_composite, atr_change_pct_14, uptick_pct, wavelet_energy_s5, trade_rate_std, inter_trade_std_z, fair_value_change_bps, ll_streak_z, breakout_down_bps_10_z",0.2993721816687013,3132,540,AUC_dev,2
tgt_breakout_up_3,True,20,"close_to_vwap, dist_to_pivot_bps_z, max_drawdown, time_to_high_pct, time_to_low_pct, is_swing_high, dist_to_resistance_5_bps, ofi_second_half, cvd_min, dist_to_support_5_bps, fair_value_change_bps, ofi_persistence_z, golden_ratio_composite, donchian_mid_dist_bps_10_z, vol_asymmetry, aggression_imbalance, first_half_return_z, panic_sell_ratio, twap_vwap_spread_bps, volume_profile_skew",0.32879352015154484,3132,540,AUC_dev,2
tgt_breakout_up_5,True,20,"close_to_vwap, dist_to_pivot_bps_z, max_drawdown, time_to_high_pct, time_to_low_pct, ofi_second_half, is_swing_high, dist_to_resistance_5_bps, cvd_min, golden_ratio_composite, dist_to_support_5_bps, donchian_mid_dist_bps_10_z, fair_value_change_bps, uptick_pct, first_half_return_z, vol_asymmetry, ofi_persistence_z, aggression_imbalance, trade_rate_std, atr_change_pct_14",0.30843240821963824,3132,540,AUC_dev,2
tgt_consolidation_3,True,20,"wave_energy, trade_rate_std, kinetic_energy, atr_change_pct_14, inter_trade_std_z, volume_per_second_std, market_temperature, burstiness, potential_energy, max_drawup, trade_time_entropy, monotonicity_score, convex_hull_area, max_up_sweep_z, taylor_rate_r2, max_drawdown, max_up_sweep, max_down_sweep_z, eigen_ratio_z, chebyshev_distance",0.38328804347826084,3132,540,AUC_dev,2
tgt_consolidation_5,True,20,"wave_energy, atr_change_pct_14, trade_rate_std, kinetic_energy, volume_per_second_std, market_temperature, burstiness, inter_trade_std_z, potential_energy, monotonicity_score, max_drawup, trade_time_entropy, chebyshev_distance, max_up_sweep, max_drawdown, eigen_ratio_z, taylor_rate_r2, max_up_sweep_z, max_down_sweep_z, vol_price_feedback_z",0.38076118496524725,3132,540,AUC_dev,2
tgt_crash_10,True,20,"market_temperature, volume_per_second_std, trade_rate_std, wave_energy, max_up_sweep, max_down_sweep_z, eigen_ratio_z, inter_trade_std_z, max_sell_run, chebyshev_distance, max_up_sweep_z, path_length_over_range, monotonicity_score, max_drawdown, burstiness, vol_of_vol_z, max_drawup, potential_energy, kinetic_energy, trade_time_entropy",0.283290461256563,3132,540,AUC_dev,2
tgt_crash_3,True,20,"trade_rate_std, market_temperature, volume_per_second_std, chebyshev_distance, wave_energy, vol_price_feedback_z, burstiness, vol_of_vol_z, eigen_ratio_z, max_down_sweep_z, max_drawdown, trade_time_entropy, max_up_sweep, wavelet_energy_s5, potential_energy, taylor_rate_r2, monotonicity_score, path_length_over_range, kinetic_energy, max_up_sweep_z",0.2348871860366113,3132,540,AUC_dev,2
tgt_crash_5,True,20,"market_temperature, trade_rate_std, volume_per_second_std, wave_energy, chebyshev_distance, max_up_sweep, max_drawdown, burstiness, eigen_ratio_z, monotonicity_score, inter_trade_std_z, max_sell_run, vol_price_feedback_z, potential_energy, wavelet_energy_s5, vol_of_vol_z, atr_change_pct_14, path_length_over_range, trade_time_entropy, max_down_sweep_z",0.25816993464052285,3132,540,AUC_dev,2
tgt_fill_prob_long_1,True,20,"micro_fear_greed_z, max_up_sweep, temperature_change_z, ohlc_triangle_area_z, range_compression_10, fib_vol_concentration, micro_fear_score, half_cosine_similarity, upper_wick_ratio, hilbert_std_freq, donchian_mid_dist_bps_10_z, lh_count_5, trade_rate_decay_z, fib_proximity, liq_pool_above_20_z, donchian_width_bps_10_z, size_imbalance, response_asymmetry, lh_count_10, side_switch_rate",0.039962825278810454,3132,540,AUC_dev,2
tgt_fill_prob_long_3,True,20,"aggression_imbalance, size_imbalance, ll_streak_z, fair_value_change_bps, value_area_overlap_pct_z, tail_volume_ratio_z, size_gini_z, response_asymmetry, range_compression_10, wavelet_energy_s2_z, micro_fear_greed_z, temperature_change_z, size_gini, ohlc_triangle_area_z, liq_pool_above_20_z, first_half_return_z, breakout_up_bps_5_z, side_switch_rate, side_sequence_entropy_z, ew_vol_exhaustion",-0.20686456400742115,3132,540,AUC_dev,2
tgt_fill_prob_short_1,True,20,"taylor_dominant_order, kyle_lambda_z, lyapunov_exponent, atr_change_pct_14, hh_streak_z, fractal_dimension_z, low_volume_node_pct_z, hilbert_std_amplitude, fractal_dimension, choch_count_5_z, binding_energy_z, taylor_asymmetry_curvature_ratio, dist_to_support_5_bps, liq_void_count_10_z, dominant_freq_z, avg_surprise_z, ew_wave_symmetry_z, price_curvature_z, disposition_effect_z, trade_rate_decay_z",0.3996282527881041,3132,540,AUC_dev,2
tgt_fill_prob_short_3,True,20,"taylor_ofi_a2, atr_change_pct_14, pv_principal_angle, fib_time_trade_pct_z, low_volume_node_pct_z, time_to_high_pct, choch_count_5_z, kyle_lambda_z, fractal_dimension, ew_wave_symmetry_z, taylor_dominant_order, disposition_effect_z, liq_void_count_10_z, fvg_bullish_size_bps_z, atr_5_z, low, trade_rate_decay_z, hh_streak_z, gap_bps_z, lyapunov_exponent",-0.20686456400742115,3132,540,AUC_dev,2
tgt_fill_prob_short_5,True,20,"taylor_ofi_a2, atr_change_pct_14, pv_principal_angle, fib_time_trade_pct_z, low_volume_node_pct_z, time_to_high_pct, choch_count_5_z, kyle_lambda_z, fractal_dimension, ew_wave_symmetry_z, taylor_dominant_order, disposition_effect_z, liq_void_count_10_z, fvg_bullish_size_bps_z, atr_5_z, low, trade_rate_decay_z, hh_streak_z, gap_bps_z, lyapunov_exponent",-0.20686456400742115,3132,540,AUC_dev,2
tgt_liquidation_cascade_3,True,20,"trade_rate_std, chebyshev_distance, market_temperature, volume_per_second_std, wave_energy, burstiness, vol_price_feedback_z, wavelet_energy_s5, eigen_ratio_z, trade_time_entropy, vol_of_vol_z, hour_sin, max_up_sweep, max_down_sweep_z, taylor_rate_r2, max_buy_run, session_asia, max_drawdown, post_shock_size_ratio, max_sell_run",0.3026788386710566,3132,540,AUC_dev,2
tgt_liquidation_cascade_5,True,20,"trade_rate_std, market_temperature, chebyshev_distance, wave_energy, volume_per_second_std, max_sell_run, max_up_sweep, burstiness, vol_price_feedback_z, max_drawdown, monotonicity_score, trade_time_entropy, atr_change_pct_14, path_length_over_range, wavelet_energy_s5, eigen_ratio_z, taylor_rate_r2, te_price_to_volume, donchian_width_bps_20, potential_energy",0.26567082111436946,3132,540,AUC_dev,2
tgt_max_drawdown_short_3,False,3,"donchian_width_bps_20, flash_event_count, max_drawdown",-0.05891286418163655,3132,540,R2,2
tgt_max_drawup_long_3,False,3,"donchian_width_bps_20, flash_event_count, max_drawdown",-0.05891286418163655,3132,540,R2,2
tgt_mean_reversion_5,True,20,"taylor_ofi_a2, kyle_lambda_z, taylor_asymmetry_curvature_ratio, herding_ratio_z, binding_energy_z, atr_change_pct_14, mi_side_return, low_volume_node_pct_z, avg_buy_size_z, mi_side_return_z, avg_surprise_z, lyapunov_exponent, time_to_high_pct, vwap_spread_bps, sub_regime_transitions, fractal_dimension, liq_sweep_count_10, fvg_bullish_size_bps_z, fractal_dimension_z, bos_bullish_count_5",0.3423005565862709,3132,540,AUC_dev,2
tgt_mid_reversion_1,True,20,"hilbert_std_freq, lyapunov_exponent, binding_energy_z, fib_vol_concentration, dow_sin, side_switch_rate, trade_rate_decay_z, ew_correction_quality_z, permutation_entropy, temperature_change_z, wavelet_energy_s5, predator_follows_prey, price_curvature_z, fractal_dimension, avg_surprise_z, fib_proximity, response_asymmetry, market_force_z, micro_fear_score, liq_pool_above_20_z",0.33255597014925375,3132,540,AUC_dev,2
tgt_mid_reversion_3,True,20,"size_imbalance, avg_surprise_z, binding_energy_z, side_switch_rate, kyle_lambda_z, hilbert_std_freq_z, hilbert_std_freq, response_asymmetry, hour_sin, size_gini_z, mi_side_return_z, donchian_width_bps_20, wavelet_energy_s2_z, trade_rate_decay_z, taylor_ofi_a2, eigen_ratio_z, heat_capacity, liq_pool_above_20_z, tail_volume_ratio_z, kyle_lambda",0.07899628252788105,3132,540,AUC_dev,2
tgt_optimal_action_5,True,20,"atr_percentile_20, atr_20_z, dow_sin, avg_notional_per_trade, flash_event_pct, avg_body_ratio_5, hilbert_amp_freq_corr_z, liq_void_up_bps_z, predator_follows_prey, stackelberg_buy_leader, taylor_price_r2, ew_last_wave_pct, choch_count_5_z, taylor_ofi_r2, ofi_second_half, lyapunov_exponent, bearish_patterns_5, response_asymmetry, donchian_width_bps_20, burstiness",,3132,540,AUC_dev,2
tgt_profitable_long_1,True,20,"is_swing_low, is_swing_high, low, dist_to_resistance_5_bps, dist_to_resistance_20_bps, trade_pct_q3, close_to_vwap, ew_swing_count, ohlc_triangle_area_z, market_force_z, auction_clearing_speed_z, predator_follows_prey, ofi_second_half, overlap_asia_europe, dist_to_support_5_bps, hour_sin, auction_clearing_speed, pattern_bias_5, donchian_mid_dist_bps_10_z, max_drawdown",0.20991549604916604,3132,540,AUC_dev,2
tgt_profitable_long_10,True,20,"low, hilbert_std_amplitude, trade_size_p75, market_pressure, resistance_touches_20, fib_wave_avg_dist_z, flash_event_count, predator_prey_ratio, breakout_up_bps_5_z, path_length_over_range, potential_energy, max_drawdown, liq_void_down_bps_z, zero_crossing_rate, gap_fill_rate_10, market_temperature, donchian_width_bps_20, max_drawup, graph_edge_count_z, avg_lower_wick_5_z",0.058179381243868344,3132,540,AUC_dev,2
tgt_profitable_long_3,True,20,"low, is_swing_low, hilbert_std_amplitude, max_drawdown, dist_to_resistance_5_bps, is_swing_high, hour_sin, burstiness, dist_to_resistance_20_bps, fvg_bearish_count_10, support_touches_20, market_pressure, vpin, session_asia, monotonicity_score, cvd_min, herding_ratio, potential_energy, hilbert_mean_amplitude_z, volume_per_second_std",0.1355572266087368,3132,540,AUC_dev,2
tgt_profitable_long_5,True,20,"low, hilbert_std_amplitude, is_swing_low, trade_size_p75, is_swing_high, max_drawdown, potential_energy, heat_capacity, dist_to_resistance_5_bps, monotonicity_score, market_temperature, max_drawup, market_pressure, hurst_regime, stop_hunt_up_score_z, kinetic_energy, range_compression_5, sub_regime_transitions, vpin, flash_event_count",0.06749330409803078,3132,540,AUC_dev,2
tgt_profitable_short_1,True,20,"is_swing_low, is_swing_high, low, dist_to_resistance_5_bps, dist_to_resistance_20_bps, close_to_vwap, dist_to_support_5_bps, ew_swing_count, auction_clearing_speed_z, donchian_mid_dist_bps_10_z, trade_pct_q3, ofi_second_half, dist_to_support_20_bps, ohlc_triangle_area_z, market_force_z, pattern_bias_5, hour_sin, overlap_asia_europe, upper_wick_ratio, session_europe",0.21020919695362972,3132,540,AUC_dev,2
tgt_profitable_short_10,True,20,"low, hilbert_std_amplitude, trade_size_p75, market_pressure, resistance_touches_20, breakout_up_bps_5_z, predator_prey_ratio, flash_event_count, liq_void_down_bps_z, potential_energy, path_length_over_range, max_drawdown, zero_crossing_rate, gap_fill_rate_10, graph_edge_count_z, donchian_width_bps_20, fib_wave_avg_dist_z, avg_lower_wick_5_z, max_drawup, market_temperature",0.0589139344262295,3132,540,AUC_dev,2
tgt_profitable_short_3,True,20,"low, is_swing_low, hilbert_std_amplitude, trade_size_p75, max_drawdown, dist_to_resistance_5_bps, is_swing_high, hour_sin, burstiness, dist_to_resistance_20_bps, fvg_bearish_count_10, support_touches_20, heat_capacity, fib_wave_avg_dist_z, market_pressure, lh_count_5, session_asia, monotonicity_score, vpin, volume_per_second_std",0.1311957671957672,3132,540,AUC_dev,2
tgt_profitable_short_5,True,20,"low, hilbert_std_amplitude, trade_size_p75, is_swing_low, max_drawdown, is_swing_high, potential_energy, monotonicity_score, dist_to_resistance_5_bps, market_pressure, market_temperature, max_drawup, hurst_regime, heat_capacity, stop_hunt_up_score_z, sub_regime_transitions, kinetic_energy, vpin, zero_crossing_rate, range_compression_5",0.06980056980056981,3132,540,AUC_dev,2
tgt_regime_change_10,True,20,"flash_event_pct, spectral_flatness_z, post_shock_pause_ratio, post_shock_pause_ratio_z, heat_capacity, hilbert_mean_amplitude_z, fractal_dimension, fractal_dimension_z, permutation_entropy, fvg_bearish_count_10, mi_side_return, dist_to_resistance_20_bps, dominant_freq_z, trade_pct_q3, low_volume_node_pct_z, wavelet_energy_s2_z, breakout_net_10, bos_bearish_count_5, fib_intertime_ratio_pct, dist_to_resistance_5_bps",0.05223193741371379,3132,540,AUC_dev,2
tgt_regime_change_5,True,20,"eigen_ratio_z, inter_trade_std_z, trade_rate_std, market_temperature, volume_per_second_std, vol_of_vol_z, post_shock_pause_ratio, vol_price_feedback_z, trade_time_entropy, wavelet_energy_s5, post_shock_pause_ratio_z, max_up_sweep_z, taylor_rate_r2, max_down_sweep_z, monotonicity_score, max_drawup, chebyshev_distance, kinetic_energy, dow_sin, max_sell_run",0.07864265494530498,3132,540,AUC_dev,2
tgt_relative_ret_1,False,6,"is_swing_low, is_swing_high, dist_to_resistance_20_bps, resistance_touches_20, support_touches_20, breakout_net_10",0.1266033410848182,3132,540,R2,2
tgt_relative_ret_3,False,3,"dist_to_resistance_20_bps, support_touches_20, resistance_touches_20",0.025466893814634406,3132,540,R2,2
tgt_relative_ret_5,False,3,"support_touches_20, dist_to_resistance_20_bps, resistance_touches_20",0.027232772796683347,3132,540,R2,2
tgt_ret_sign_1,True,20,"is_swing_low, is_swing_high, standing_wave_ratio_z, dist_to_support_5_bps, trade_pct_q1, gap_fill_rate_10_z, fib_time_trade_pct_z, avg_buy_size_z, taylor_rate_a2, hilbert_mean_freq, trade_size_p75, size_imbalance, time_to_high_pct, wavelet_energy_s2_z, eigen_ratio_z, ew_impulse_detected, auction_clearing_speed_z, ofi_shift, fib_wave_ratio_count_z, trade_rate_decay_z",,3132,540,AUC_dev,2
tgt_ret_sign_10,True,11,"taylor_ofi_a2, carrying_capacity_ratio_z, vpin, quartile_vol_ratio_z, taylor_price_ofi_alignment, liq_pool_above_10_z, monotonicity_score, taylor_ofi_r2, max_sell_run, gap_bps_z, taylor_curvature_trend_ratio_z",,3132,540,AUC_dev,2
tgt_ret_sign_3,True,15,"price_clustering, taylor_dominant_order, max_up_sweep, dist_to_pivot_bps_z, max_up_sweep_z, time_to_low_pct, dist_to_support_5_bps, atr_percentile_20, post_shock_pause_ratio, fib_time_trade_pct_z, ew_correction_quality_z, hilbert_amp_freq_corr_z, fvg_bullish_size_bps_z, heat_capacity, is_swing_low",,3132,540,AUC_dev,2
tgt_ret_sign_5,True,13,"taylor_asymmetry_curvature_ratio, stackelberg_buy_leader_z, hh_streak_z, ofi_persistence_z, zero_crossing_rate, contrarian_ratio_z, market_pressure, outside_bar, failed_breakout_up_5, arrival_time_kurtosis, ofi_second_half, taylor_curvature_trend_ratio_z, graph_asymmetry",,3132,540,AUC_dev,2
tgt_tail_event_1,True,20,"trade_rate_std, volume_per_second_std, market_temperature, chebyshev_distance, wave_energy, max_up_sweep, burstiness, vol_price_feedback_z, eigen_ratio_z, vol_of_vol_z, max_sell_run, max_buy_run, trade_time_entropy, potential_energy, max_up_sweep_z, max_drawdown, wavelet_energy_s5, max_down_sweep_z, te_price_to_volume, kinetic_energy",0.23617815990697344,3132,540,AUC_dev,2
tgt_tail_event_3,True,20,"market_temperature, trade_rate_std, volume_per_second_std, chebyshev_distance, eigen_ratio_z, wave_energy, max_up_sweep, max_down_sweep_z, vol_of_vol_z, path_length_over_range, max_sell_run, max_up_sweep_z, vol_price_feedback_z, inter_trade_std_z, wavelet_energy_s5, trade_time_entropy, burstiness, max_drawdown, monotonicity_score, potential_energy",0.26799503585217876,3132,540,AUC_dev,2
tgt_tail_event_5,True,20,"market_temperature, trade_rate_std, volume_per_second_std, wave_energy, eigen_ratio_z, chebyshev_distance, inter_trade_std_z, max_down_sweep_z, max_up_sweep, path_length_over_range, max_sell_run, vol_of_vol_z, monotonicity_score, vol_price_feedback_z, max_up_sweep_z, wavelet_energy_s5, max_drawdown, kinetic_energy, potential_energy, burstiness",0.28049136321195156,3132,540,AUC_dev,2
tgt_vol_expansion_10,True,20,"market_temperature, trade_rate_std, volume_per_second_std, wave_energy, eigen_ratio_z, chebyshev_distance, max_up_sweep, inter_trade_std_z, max_down_sweep_z, vol_of_vol_z, max_up_sweep_z, burstiness, potential_energy, vol_price_feedback_z, monotonicity_score, trade_time_entropy, max_drawdown, kinetic_energy, path_length_over_range, atr_change_pct_14",0.3699646059137045,3132,540,AUC_dev,2
tgt_vol_expansion_5,True,20,"market_temperature, trade_rate_std, volume_per_second_std, wave_energy, chebyshev_distance, eigen_ratio_z, inter_trade_std_z, vol_price_feedback_z, vol_of_vol_z, max_down_sweep_z, max_up_sweep, monotonicity_score, potential_energy, wavelet_energy_s5, burstiness, kinetic_energy, trade_time_entropy, max_drawdown, path_length_over_range, atr_change_pct_14",0.30078955781981953,3132,540,AUC_dev,2
tgt_adverse_selection_1,True,9,"is_swing_low, is_swing_high, vwap_gravity, total_energy, atr_5, fib_vol_ratio, choch_net_z, vpin, taylor_complexity_z",0.05262002743484229,3672,540,AUC_dev,3
tgt_adverse_selection_3,True,4,"breakout_down_bps_5_z, avg_surprise_z, is_swing_high, taylor_price_a1_z",0.06445347352816022,3672,540,AUC_dev,3
tgt_adverse_selection_5,True,12,"temperature_change_z, te_price_to_volume_z, hilbert_mean_freq, price_curvature_z, intracandle_reversal_z, ew_vol_exhaustion_z, te_price_to_volume, gap_fill_rate_10, is_swing_high, side_sequence_entropy_z, vol_price_feedback_z, burstiness",0.028449140548784668,3672,540,AUC_dev,3
tgt_alpha_1,False,5,"is_swing_low, is_swing_high, resistance_touches_20, dist_to_resistance_20_bps, support_touches_20",0.15588300507550623,3672,540,R2,3
tgt_alpha_3,False,3,"resistance_touches_20, dist_to_resistance_20_bps, support_touches_20",0.04401728206710476,3672,540,R2,3
tgt_alpha_5,False,4,"resistance_touches_20, dist_to_resistance_20_bps, support_touches_20, breakout_net_10",0.0468419733292218,3672,540,R2,3
tgt_autocorr_break_5,True,20,"avg_body_ratio_5, atr_5_z, avg_lower_wick_5, ob_supply_count_10, atr_5, atr_14_z, graph_edge_density_z, fvg_bearish_count_10, range_compression_5, avg_upper_wick_5, standing_wave_ratio_z, post_shock_pause_ratio, fib_wave_avg_dist, convex_hull_area, liq_void_count_10_z, lz_complexity, atr_percentile_20, liq_pool_below_10_z, inside_bar, post_shock_pause_ratio_z",0.05498274016792526,3672,540,AUC_dev,3
tgt_best_side_1,True,20,"is_swing_low, is_swing_high, standing_wave_ratio_z, dist_to_support_5_bps, trade_pct_q1, dist_to_support_10_bps, gap_fill_rate_10_z, avg_buy_size_z, taylor_rate_a2, hilbert_mean_freq, fib_time_vol_surprise_z, size_imbalance, time_to_high_pct, wavelet_energy_s2_z, trade_size_iqr, eigen_ratio_z, ew_impulse_detected, auction_clearing_speed_z, ofi_shift, fib_wave_ratio_count_z",,3672,540,AUC_dev,3
tgt_best_side_3,True,20,"is_swing_low, hilbert_std_amplitude, vpin, trade_size_iqr, session_asia, dist_to_resistance_20_bps, total_energy, monotonicity_score, kinetic_energy, avg_buy_size, market_temperature, flash_event_count, avg_buy_size_z, max_drawup, gap_abs_bps_z, max_drawdown, support_touches_20, dist_to_resistance_5_bps, low, is_swing_high",0.02219040801717964,3672,540,AUC_dev,3
tgt_best_side_5,True,20,"low, hilbert_std_amplitude, trade_size_iqr, stop_hunt_up_score_z, max_drawdown, zero_crossing_rate, total_energy, market_pressure, heat_capacity, market_temperature, max_drawup, gap_fill_rate_10, hilbert_mean_amplitude_z, dist_to_resistance_5_bps, is_swing_low, median_trade_size_z, flash_event_count, avg_buy_size, is_swing_high, hurst_exponent",-0.008792805257696323,3672,540,AUC_dev,3
tgt_breakout_any_10,True,20,"sunflower_score_z, wave_energy, atr_change_pct_14, monotonicity_score, burstiness, trade_rate_std, market_temperature, trade_rate_std_z, cvd_range, trade_time_entropy, max_drawup, quartile_vol_ratio, flash_event_count, max_drawdown, arrival_time_kurtosis, carrying_capacity_ratio, disposition_effect_z, max_down_sweep, eigen_ratio_z, max_buy_run",0.24803738317757007,3672,540,AUC_dev,3
tgt_breakout_any_3,True,20,"wave_energy, trade_rate_std, burstiness, sunflower_score_z, market_temperature, trade_rate_std_z, trade_time_entropy, kinetic_energy, atr_change_pct_14, max_drawdown, max_drawup, cvd_range, monotonicity_score, taylor_rate_r2, total_energy, quartile_vol_ratio, carrying_capacity_ratio, flash_event_count, flash_event_count_z, max_up_sweep_z",0.23674973674973676,3672,540,AUC_dev,3
tgt_breakout_any_5,True,20,"atr_change_pct_14, sunflower_score_z, trade_rate_std, wave_energy, trade_rate_std_z, trade_time_entropy, burstiness, market_temperature, flash_event_count_z, cvd_range, max_drawup, taylor_rate_r2, kinetic_energy, quartile_vol_ratio, sweep_count_z, max_up_sweep_z, max_drawdown, eigen_ratio_z, fib_intertime_ratio_pct, disposition_effect_z",0.2618867924528302,3672,540,AUC_dev,3
tgt_breakout_down_10,True,20,"close_to_fair_price_bps_z, max_drawup, ew_net_direction_z, time_to_high_pct, dist_to_support_5_bps, is_swing_low, cvd_close_vs_range, breakout_up_bps_5_z, large_buy_pct, sunflower_score_z, dist_to_support_10_bps, total_energy, wave_energy, burstiness, golden_ratio_composite, dist_to_resistance_10_bps_z, panic_sell_ratio, trade_rate_std_z, monotonicity_score, fair_value_change_bps_z",0.2625588697017267,3672,540,AUC_dev,3
tgt_breakout_down_3,True,20,"close_to_fair_price_bps_z, max_drawup, ew_net_direction_z, time_to_high_pct, dist_to_support_5_bps, is_swing_low, cvd_close_vs_range, large_buy_pct, net_tick_direction, dist_to_support_10_bps, panic_sell_ratio, fair_value_change_bps_z, golden_ratio_composite, aggression_imbalance, burstiness, cvd_max, dist_to_resistance_5_bps, wave_energy, ofi_persistence_z, first_half_return",0.31329637271424304,3672,540,AUC_dev,3
tgt_breakout_down_5,True,20,"close_to_fair_price_bps_z, max_drawup, ew_net_direction_z, time_to_high_pct, dist_to_support_5_bps, is_swing_low, cvd_close_vs_range, large_buy_pct, breakout_up_bps_5_z, dist_to_support_10_bps, wave_energy, total_energy, panic_sell_ratio, burstiness, dist_to_resistance_10_bps_z, sunflower_score_z, monotonicity_score, fair_value_change_bps_z, aggression_imbalance, golden_ratio_composite",0.2963089542036911,3672,540,AUC_dev,3
tgt_breakout_up_10,True,20,"close_to_fair_price_bps_z, ew_net_direction_z, max_drawdown, dist_to_resistance_10_bps_z, time_to_high_pct, is_swing_high, cvd_close_vs_range, dist_to_resistance_5_bps, large_buy_pct, cvd_range, fair_value_change_bps_z, net_tick_direction, dist_to_support_5_bps, trade_rate_std, sunflower_score_z, golden_ratio_composite, trade_rate_std_z, atr_change_pct_14, breakout_down_bps_5_z, ll_streak_z",0.3283361486486486,3672,540,AUC_dev,3
tgt_breakout_up_3,True,20,"close_to_fair_price_bps_z, ew_net_direction_z, max_drawdown, time_to_high_pct, cvd_close_vs_range, is_swing_high, large_buy_pct, dist_to_resistance_5_bps, dist_to_resistance_10_bps_z, dist_to_support_5_bps, fair_value_change_bps_z, ofi_persistence_z, golden_ratio_composite, first_half_return, aggression_imbalance, vol_asymmetry, response_asymmetry, net_tick_direction, cvd_range, dist_to_support_10_bps",0.36465169394746866,3672,540,AUC_dev,3
tgt_breakout_up_5,True,20,"close_to_fair_price_bps_z, ew_net_direction_z, max_drawdown, time_to_high_pct, cvd_close_vs_range, large_buy_pct, dist_to_resistance_10_bps_z, dist_to_resistance_5_bps, is_swing_high, net_tick_direction, fair_value_change_bps_z, golden_ratio_composite, dist_to_support_5_bps, cvd_range, first_half_return, aggression_imbalance, vol_asymmetry, response_asymmetry, dist_to_support_10_bps, ofi_persistence_z",0.33611720574704507,3672,540,AUC_dev,3
tgt_consolidation_3,True,20,"wave_energy, kinetic_energy, trade_rate_std, sunflower_score_z, trade_rate_std_z, atr_change_pct_14, market_temperature, cvd_range, total_energy, burstiness, monotonicity_score, max_drawup, trade_time_entropy, convex_hull_area, max_drawdown, sweep_count_z, max_up_sweep_z, taylor_rate_r2, eigen_ratio_z, max_down_sweep",0.31903983549075954,3672,540,AUC_dev,3
tgt_consolidation_5,True,20,"wave_energy, atr_change_pct_14, trade_rate_std, kinetic_energy, sunflower_score_z, trade_rate_std_z, market_temperature, total_energy, cvd_range, burstiness, monotonicity_score, trade_time_entropy, max_drawup, max_drawdown, sweep_count_z, flash_event_count_z, max_up_sweep_z, flash_event_count, convex_hull_area, roll_spread",0.3146534653465347,3672,540,AUC_dev,3
tgt_crash_10,True,20,"market_temperature, trade_rate_std, wave_energy, trade_rate_std_z, sunflower_score_z, cvd_range, sweep_count_z, eigen_ratio_z, max_down_sweep, max_sell_run, roll_spread, burstiness, max_up_sweep_z, max_drawdown, total_energy, monotonicity_score, vol_of_vol_z, trade_time_entropy, kinetic_energy, path_length_over_range",0.23795031495505703,3672,540,AUC_dev,3
tgt_crash_3,True,20,"market_temperature, trade_rate_std, trade_rate_std_z, burstiness, wave_energy, roll_spread, sweep_count_z, max_drawdown, max_down_sweep, cvd_range, eigen_ratio_z, trade_time_entropy, vol_price_feedback_z, sunflower_score_z, max_up_sweep_z, vol_of_vol_z, max_sell_run, taylor_rate_r2, total_energy, monotonicity_score",0.17726900004315738,3672,540,AUC_dev,3
tgt_crash_5,True,20,"market_temperature, trade_rate_std, wave_energy, trade_rate_std_z, sunflower_score_z, cvd_range, roll_spread, burstiness, max_drawdown, eigen_ratio_z, max_sell_run, sweep_count_z, monotonicity_score, max_down_sweep, total_energy, max_up_sweep_z, trade_time_entropy, atr_change_pct_14, vol_of_vol_z, vol_price_feedback_z",0.17878915282741215,3672,540,AUC_dev,3
tgt_fill_prob_long_1,True,20,"hilbert_std_freq, lh_count_5, upper_wick_ratio_z, ew_net_direction_z, lh_count_10, fib_proximity, response_asymmetry, side_sequence_entropy, micro_fear_greed_z, dist_to_resistance_10_bps_z, temperature_change_z, size_imbalance, wavelet_energy_s2_z, liq_pool_above_20_z, ew_vol_exhaustion_z, first_half_return, contrarian_ratio, ll_streak_z, avg_surprise_z, vpin",,3672,540,AUC_dev,3
tgt_fill_prob_long_3,True,20,"ll_streak_z, size_imbalance, aggression_imbalance, wavelet_energy_s2_z, response_asymmetry, side_sequence_entropy, resistance_touches_20_z, kyle_lambda, fair_value_change_bps_z, hilbert_std_freq, avg_surprise_z, vpin, lh_count_5, lh_count_10, price_acceleration_z, ew_vol_exhaustion_z, breakout_up_bps_5_z, donchian_width_bps_20, size_gini_z, fib_proximity",,3672,540,AUC_dev,3
tgt_fill_prob_short_1,True,20,"disposition_effect_z, high_volume_node_pct_z, time_to_high_pct, dominant_freq_z, dist_to_support_5_bps, ew_impulse_quality, hilbert_std_amplitude, taylor_asymmetry_curvature_ratio_z, ew_correction_quality_z, lower_high, avg_surprise_z, vwap_spread_bps, volume_autocorr, hilbert_std_freq, resistance_touches_10_z, fvg_bullish_size_bps_z, donchian_width_bps_10_z, mi_side_return_z, ew_wave_symmetry, fractal_dimension_z",,3672,540,AUC_dev,3
tgt_fill_prob_short_3,True,20,"time_to_high_pct, disposition_effect_z, high_volume_node_pct_z, vwap_spread_bps, price_dipole, fvg_bullish_size_bps_z, pv_principal_angle, fib_time_vol_surprise_z, volume_profile_skew, taylor_ofi_a3_z, ew_correction_quality_z, mi_side_return, ew_wave_symmetry, lower_high, dominant_freq_z, ew_vol_exhaustion_z, liq_sweep_count_10, taylor_asymmetry_curvature_ratio_z, dist_to_support_5_bps, bos_bearish_count_5",,3672,540,AUC_dev,3
tgt_fill_prob_short_5,True,20,"time_to_high_pct, disposition_effect_z, high_volume_node_pct_z, vwap_spread_bps, price_dipole, fvg_bullish_size_bps_z, pv_principal_angle, fib_time_vol_surprise_z, volume_profile_skew, taylor_ofi_a3_z, ew_correction_quality_z, mi_side_return, ew_wave_symmetry, lower_high, dominant_freq_z, ew_vol_exhaustion_z, liq_sweep_count_10, taylor_asymmetry_curvature_ratio_z, dist_to_support_5_bps, bos_bearish_count_5",,3672,540,AUC_dev,3
tgt_liquidation_cascade_3,True,20,"trade_rate_std, market_temperature, max_down_sweep, wave_energy, trade_rate_std_z, burstiness, hour_sin, cvd_range, eigen_ratio_z, trade_time_entropy, session_asia, max_drawdown, max_sell_run, max_buy_run, sweep_count_z, vol_price_feedback_z, taylor_rate_r2, roll_spread, vol_of_vol_z, post_shock_size_ratio",0.188508064516129,3672,540,AUC_dev,3
tgt_liquidation_cascade_5,True,20,"trade_rate_std, market_temperature, wave_energy, max_down_sweep, cvd_range, burstiness, max_sell_run, trade_rate_std_z, max_drawdown, monotonicity_score, total_energy, eigen_ratio_z, donchian_width_bps_20, atr_change_pct_14, trade_time_entropy, path_length_over_range, roll_spread, vol_price_feedback_z, flash_event_count, atr_5",0.18297486076494662,3672,540,AUC_dev,3
tgt_mean_reversion_5,True,20,"high_volume_node_pct_z, time_to_high_pct, vwap_spread_bps, liq_sweep_count_10, fvg_bullish_size_bps_z, mi_side_return, taylor_ofi_a3_z, taylor_asymmetry_curvature_ratio_z, gap_abs_bps_z, dominant_freq_z, avg_surprise_z, support_touches_20, flash_event_pct, dist_to_support_5_bps, mi_side_return_z, fib_swing_count_z, ew_correction_quality_z, herding_ratio_z, resistance_touches_10_z, side_sequence_entropy",,3672,540,AUC_dev,3
tgt_mid_reversion_1,True,20,"hilbert_std_freq, roll_spread, ew_correction_quality_z, side_sequence_entropy, avg_surprise_z, taylor_asymmetry_curvature_ratio_z, response_asymmetry, avg_lower_wick_5, fib_intertime_ratio_pct, fractal_dimension, te_volume_to_price_z, temperature_change_z, flash_event_pct, hilbert_std_freq_z, trade_rate_decay_z, binding_energy_z, vwap_spread_bps, ew_impulse_quality, eigen_ratio_z, liq_sweep_count_10",,3672,540,AUC_dev,3
tgt_mid_reversion_3,True,20,"avg_surprise_z, hilbert_std_freq, side_sequence_entropy, vwap_spread_bps, response_asymmetry, disposition_effect_z, hilbert_std_freq_z, mi_side_return_z, wavelet_energy_s2_z, return_reversal_z, roll_spread, ew_correction_quality_z, size_imbalance, eigen_ratio_z, graph_asymmetry, binding_energy_z, session_europe, size_gini_z, hour_sin, value_area_overlap_pct",,3672,540,AUC_dev,3
tgt_optimal_action_5,True,20,"atr_14_z, atr_percentile_20, atr_20_z, dow_sin, flash_event_pct, avg_body_ratio_5, hilbert_amp_freq_corr_z, breakout_down_bps_5_z, liq_void_up_bps_z, predator_follows_prey, stackelberg_buy_leader, taylor_price_r2, ew_last_wave_pct, avg_lower_wick_5, choch_count_5_z, taylor_ofi_r2, bearish_patterns_5, response_asymmetry, donchian_width_bps_20, burstiness",,3672,540,AUC_dev,3
tgt_profitable_long_1,True,20,"is_swing_low, is_swing_high, low, dist_to_resistance_5_bps, dist_to_resistance_20_bps, pattern_bias_5, price_dipole, max_drawdown, dist_to_support_10_bps, session_europe, overlap_asia_europe, hurst_exponent, hour_sin, stackelberg_buy_leader, fib_swing_count_z, close_to_fair_price_bps_z, auction_clearing_speed_z, burstiness, dist_to_support_5_bps, market_force_z",0.17081752707680464,3672,540,AUC_dev,3
tgt_profitable_long_10,True,20,"low, trade_size_iqr, hilbert_std_amplitude, resistance_touches_20, gap_fill_rate_10, predator_prey_ratio, breakout_up_bps_5_z, market_pressure, stop_hunt_up_score_z, liq_void_down_bps_z, avg_buy_size, fib_wave_avg_dist_z, flash_event_count, graph_edge_density_z, dist_to_resistance_20_bps, fvg_bearish_count_10, total_energy, max_drawdown, size_gini, is_swing_high",0.03776115875950459,3672,540,AUC_dev,3
tgt_profitable_long_3,True,20,"low, is_swing_low, hilbert_std_amplitude, burstiness, hour_sin, is_swing_high, max_drawdown, session_asia, stop_hunt_up_score_z, vpin, dist_to_resistance_5_bps, support_touches_20, market_pressure, predator_prey_ratio, dist_to_resistance_20_bps, monotonicity_score, hilbert_mean_amplitude_z, total_energy, fvg_bearish_count_10, market_temperature",0.12387005064933265,3672,540,AUC_dev,3
tgt_profitable_long_5,True,20,"low, trade_size_iqr, hilbert_std_amplitude, is_swing_low, is_swing_high, stop_hunt_up_score_z, max_drawdown, total_energy, heat_capacity, dist_to_resistance_20_bps, dist_to_resistance_5_bps, monotonicity_score, market_pressure, vpin, market_temperature, max_drawup, gap_fill_rate_10, median_trade_size_z, kinetic_energy, range_compression_5",0.08834377946641525,3672,540,AUC_dev,3
tgt_profitable_short_1,True,20,"is_swing_low, is_swing_high, low, dist_to_resistance_5_bps, dist_to_resistance_20_bps, dist_to_support_10_bps, pattern_bias_5, dist_to_support_5_bps, session_europe, hour_sin, close_to_fair_price_bps_z, auction_clearing_speed_z, bearish_patterns_5, overlap_asia_europe, market_force_z, fib_swing_count_z, lower_wick_ratio, hilbert_std_amplitude, breakout_net_10, price_acceleration_z",0.18263736263736274,3672,540,AUC_dev,3
tgt_profitable_short_10,True,20,"low, trade_size_iqr, hilbert_std_amplitude, resistance_touches_20, predator_prey_ratio, breakout_up_bps_5_z, gap_fill_rate_10, stop_hunt_up_score_z, liq_void_down_bps_z, market_pressure, graph_edge_density_z, dist_to_resistance_20_bps, flash_event_count, size_gini, fvg_bearish_count_10, total_energy, is_swing_low, breakout_net_10, max_drawdown, is_swing_high",0.04807546336548951,3672,540,AUC_dev,3
tgt_profitable_short_3,True,20,"low, is_swing_low, hilbert_std_amplitude, trade_size_iqr, hour_sin, burstiness, is_swing_high, session_asia, max_drawdown, stop_hunt_up_score_z, heat_capacity, dist_to_resistance_5_bps, support_touches_20, market_pressure, dist_to_resistance_20_bps, monotonicity_score, vpin, total_energy, hilbert_mean_amplitude_z, fvg_bearish_count_10",0.12077743378052985,3672,540,AUC_dev,3
tgt_profitable_short_5,True,20,"low, trade_size_iqr, hilbert_std_amplitude, is_swing_low, stop_hunt_up_score_z, is_swing_high, max_drawdown, total_energy, monotonicity_score, market_pressure, dist_to_resistance_20_bps, dist_to_resistance_5_bps, heat_capacity, vpin, kinetic_energy, hurst_exponent, median_trade_size_z, market_temperature, avg_buy_size, max_drawup",0.10004698014398039,3672,540,AUC_dev,3
tgt_regime_change_10,True,20,"flash_event_pct, fractal_dimension, mi_side_return, equal_lows_20, heat_capacity, fractal_dimension_z, contrarian_ratio_z, post_shock_pause_ratio, wavelet_energy_s2_z, fvg_bearish_count_10, atr_5, post_shock_pause_ratio_z, hilbert_mean_amplitude_z, flash_event_count, ll_count_10, contrarian_ratio, gap_fill_rate_10, hilbert_std_amplitude, dist_to_resistance_20_bps, atr_percentile_20",0.02420503084954917,3672,540,AUC_dev,3
tgt_regime_change_5,True,20,"trade_rate_std_z, eigen_ratio_z, sunflower_score_z, trade_rate_std, market_temperature, roll_spread, vol_of_vol_z, post_shock_pause_ratio, vol_price_feedback_z, post_shock_pause_ratio_z, sweep_count_z, monotonicity_score, dow_sin, max_up_sweep_z, trade_time_entropy, taylor_rate_r2, cvd_range, kinetic_energy, post_shock_size_ratio, max_drawup",0.11657784011220196,3672,540,AUC_dev,3
tgt_relative_ret_1,False,5,"is_swing_low, is_swing_high, resistance_touches_20, dist_to_resistance_20_bps, support_touches_20",0.15588300507550623,3672,540,R2,3
tgt_relative_ret_3,False,3,"resistance_touches_20, dist_to_resistance_20_bps, support_touches_20",0.04401728206710476,3672,540,R2,3
tgt_relative_ret_5,False,4,"resistance_touches_20, dist_to_resistance_20_bps, support_touches_20, breakout_net_10",0.0468419733292218,3672,540,R2,3
tgt_ret_sign_1,True,20,"is_swing_low, is_swing_high, standing_wave_ratio_z, dist_to_support_5_bps, trade_pct_q1, dist_to_support_10_bps, gap_fill_rate_10_z, avg_buy_size_z, taylor_rate_a2, hilbert_mean_freq, fib_time_vol_surprise_z, size_imbalance, time_to_high_pct, wavelet_energy_s2_z, trade_size_iqr, eigen_ratio_z, ew_impulse_detected, auction_clearing_speed_z, ofi_shift, fib_wave_ratio_count_z",,3672,540,AUC_dev,3
tgt_ret_sign_10,True,11,"fib_time_vol_surprise_z, taylor_ofi_a3_z, vpin, taylor_price_ofi_alignment, carrying_capacity_ratio, liq_pool_above_10_z, monotonicity_score, max_down_sweep, taylor_ofi_r2, max_sell_run, gap_bps_z",,3672,540,AUC_dev,3
tgt_ret_sign_3,True,14,"price_clustering, taylor_dominant_order, fib_time_vol_surprise_z, max_up_sweep_z, dist_to_support_5_bps, atr_percentile_20, post_shock_pause_ratio, ew_correction_quality_z, hilbert_amp_freq_corr_z, lyapunov_exponent_z, atr_14_z, fvg_bullish_size_bps_z, heat_capacity, is_swing_low",,3672,540,AUC_dev,3
tgt_ret_sign_5,True,12,"first_half_return, ew_net_direction_z, stackelberg_buy_leader_z, ofi_persistence_z, avg_buy_size, zero_crossing_rate, contrarian_ratio_z, resistance_touches_10_z, market_pressure, outside_bar, arrival_time_kurtosis, graph_asymmetry",,3672,540,AUC_dev,3
tgt_tail_event_1,True,20,"trade_rate_std, market_temperature, trade_rate_std_z, cvd_range, wave_energy, roll_spread, max_down_sweep, burstiness, eigen_ratio_z, vol_price_feedback_z, total_energy, vol_of_vol_z, max_drawdown, sweep_count_z, sunflower_score_z, max_buy_run, trade_time_entropy, max_up_sweep_z, max_sell_run, taylor_rate_r2",0.1523109243697478,3672,540,AUC_dev,3
tgt_tail_event_3,True,20,"market_temperature, trade_rate_std, trade_rate_std_z, max_down_sweep, wave_energy, eigen_ratio_z, sweep_count_z, cvd_range, sunflower_score_z, roll_spread, vol_of_vol_z, path_length_over_range, max_up_sweep_z, max_sell_run, vol_price_feedback_z, trade_time_entropy, burstiness, total_energy, monotonicity_score, max_drawdown",0.17993363829650144,3672,540,AUC_dev,3
tgt_tail_event_5,True,20,"market_temperature, trade_rate_std, wave_energy, trade_rate_std_z, eigen_ratio_z, cvd_range, sunflower_score_z, max_down_sweep, roll_spread, sweep_count_z, path_length_over_range, monotonicity_score, vol_of_vol_z, max_sell_run, max_drawdown, max_up_sweep_z, total_energy, vol_price_feedback_z, burstiness, trade_time_entropy",0.19544643985453325,3672,540,AUC_dev,3
tgt_vol_expansion_10,True,20,"market_temperature, trade_rate_std, wave_energy, trade_rate_std_z, cvd_range, eigen_ratio_z, sunflower_score_z, roll_spread, max_down_sweep, sweep_count_z, total_energy, vol_of_vol_z, max_drawdown, burstiness, max_up_sweep_z, monotonicity_score, trade_time_entropy, vol_price_feedback_z, kinetic_energy, atr_change_pct_14",0.28016756635177686,3672,540,AUC_dev,3
tgt_vol_expansion_5,True,20,"market_temperature, trade_rate_std, trade_rate_std_z, wave_energy, eigen_ratio_z, sunflower_score_z, cvd_range, roll_spread, max_down_sweep, vol_of_vol_z, vol_price_feedback_z, sweep_count_z, burstiness, total_energy, monotonicity_score, trade_time_entropy, max_drawdown, kinetic_energy, max_up_sweep_z, atr_change_pct_14",0.20390519568151144,3672,540,AUC_dev,3
